upc_code,upc_description,aisle
13538499715,"Krusteaz Muffin Mix, Honey Cornbread, 15 oz",baking mixes
91682031543,"Simple Mills Almond Flour Pancake Mix & Waffle Mix, Gluten Free, Made with whole foods, (Packaging May Vary)",baking mixes
24232496245,"Birch Benders Pancake and Waffle Mix with Whey, Protein, 16 Oz",baking mixes
12273705010,"Paleo Pancake & Waffle Mix by Birch Benders, Low-Carb, High Protein, High Fiber, Gluten-free, Low Glycemic, Prebiotic, Keto-Friendly, 12 oz",baking mixes
32437962036,"Duncan Hines Mug Cakes Blueberry Flavored Muffin Mix, 4 - 2.29 Oz Pouches",baking mixes
55460747028,"Betty Crocker Wild Blueberry Muffin and Quick Bread Mix, 16.9 oz",baking mixes
22614223763,"Udi's Gluten Free Blueberry Muffin Mug Cake Mix, 8.4 oz. 4-Count",baking mixes
11641668526,"Betty Crocker Bisquick Baking Mix, Gluten Free Pancake and Waffle Mix, 16 Oz Box",baking mixes
20836229311,"Krusteaz Banana Nut Muffin Mix, 15.4-Ounce Box",baking mixes
26701403227,"Bisquick, Pancake and Baking Mix, 40 oz",baking mixes
83246507399,Sticky Fingers English Scone Mix Lemon Poppyseed 15oz,baking mixes
17108191538,"Manischewitz, Mix Potato Pancake, 6 Oz",baking mixes
28143300500,"Krusteaz Complete Pancake Mix, Buttermilk, 32 oz",baking mixes
60877586471,"King Arthur Gluten-Free Pancake Mix,15 oz",baking mixes
54140867177,"Pearl Milling Company Buttermilk Complete Mix, 5lb",baking mixes
47198969588,"Krusteaz Wild Blueberry Muffin Mix - No Artificial Flavors, Colors or Preservatives - 17.1 OZ (Pack of 1)",baking mixes
73275280254,"Bisquick Shake N Pour, 10.6 oz",baking mixes
44808900386,"General Mills, Bisquik Shake And Pour, Buttermilk, 5.1 Oz",baking mixes
66385509339,"Annie's Organic Pancake and Waffle Mix, 26 oz Box",baking mixes
18610951580,"Kodiak Cakes Power Cakes, Flapjack and Waffle Mix, Buttermilk,20 oz",baking mixes
46990097451,"Jiffy Muffin Mix, Corn, 8.5 oz",baking mixes
74420062919,Bisquick Flavor Burstin' Maple Brown Sugar Complete Pancake Mix 20 oz Box,baking mixes
18040271029,"Krusteaz Almond Poppy Seed Muffin Mix, 17 Ounce",baking mixes
48981700723,"Betty Crocker Triple Berry Muffin Mix, 6.5 oz Box",baking mixes
55883816995,"Quaker Chewy Dipps Chocolatey Covered Granola Bars, Peanut Butter, 14 Bars",bars
95926363745,"Nature Valley Chewy Granola Bars, Protein Variety Pack, Gluten Free, 21.3 oz, 15 ct",bars
41257845356,"Gatorade Whey Protein Bars, Cookies & Crème, 2.8 oz bars (Pack of 12, 20g of protein per bar)",bars
55396918426,"Larabar Banana Bread, Gluten Free Vegan Fruit & Nut Bar, 1.6 oz Bars, 16 Ct",bars
14509613435,"Annie's Organic Original Crispy Snack Bars, Gluten Free, 3.9 oz, 5 ct",bars
44683267639,"Vega 20g Protein Bar High- Plant Based, Vegetarian, Chocolate Peanut Butter, 2.5 Ounce (Pack of 12)",bars
57606761615,"Kind Healthy Grains Bars, Dark Chocolate Chunk, 1.2 Ounce, 5 Count",bars
19940204467,"Amazon Brand - Happy Belly Chewy Chocolate Chip Granola Bars, 18 Count",bars
83820968656,"Nature Valley Granola Cups, Almond Butter, 12.4 oz, 20 ct",bars
45227308601,"EPIC Bison Bacon Cranberry Bars, Grass-Fed, Paleo Friendly, 1.3 oz Bars, 12 ct",bars
23068430610,"Rice Krispies Treats Marshmallow Snack Bars, Kids Snacks, School Lunch, Value Pack, Original, 12.4oz Box (16 Bars)",bars
57335558893,"Vega Protein Snack Bar, Chocolate Peanut Butter - Vegan Protein Bars, Plant Based, Vegetarian, Dairy Free, Gluten Free, Soy Free, Non GMO (12 Count)",bars
79099562080,"Larabar Apple Pie, Gluten Free Vegan Fruit & Nut Bar, 1.6 oz Bars, 12 Ct",bars
93995325291,"Atkins Protein Meal Bar, Chocolate Peanut Butter, Keto Friendly, 5 Count",bars
30361225412,"Annie's Organic Cocoa Crispy Snack Bars, Gluten Free , 3.9 oz, 5 ct",bars
58172072764,"KIND Healthy Grains Bars, Oats & Honey with Toasted Coconut, Non GMO, Gluten Free, 5 Count per pack, 6.2 Ounce",bars
77852193212,"Vega Sport Vegan Protein Bar, Crispy Mint Chocolate, Post Workout Protein Energy Bars - Plant Based, Vegan, BCAAs, Vegetarian, Dairy Free, Gluten Free, Non GMO (12 Count)",bars
25837932749,"Fiber 1 Oats and Chocolate Bar Value Pack, 14.1 oz, 10 ct",bars
31745117279,"Kellogg's Nutri-Grain, Soft Baked Breakfast Bars, Strawberry, Made with Whole Grain, Value Pack, 20.8 oz (16 Count)",bars
23942220278,"Atkins Snack Bar, Caramel Chocolate Nut Roll, Keto Friendly, 1.55 Ounce, 5 count",bars
52227402605,"Quaker Big Chewy Chocolate Chip Granola Bar, Peanut Butter, 1.48oz 5 Count, 7.4oz",bars
70832857652,"Fiber One Protein Bar, Caramel Nut Chewy Bars, 5 Fiber Bars, 5.85 oz",bars
23324098105,Atkins Chocolate Peanut Butter Pretzel Protein Meal Bar. Sweet and Salty. Keto-Friendly. (5 Bars),bars
17283966432,"KIND Breakfast Bar, Peanut Butter, 1.8oz 4 Count, 7.1oz, 19913",bars
28781349420,Dave’s Killer Bread Organic 21 Whole Grains and Seeds Bread - 27 oz Loaf,bread
89469831243,"Mission Soft Taco Flour Tortillas, Trans Fat Free, Authentic, Medium Size, 10 Count",bread
41461632366,"Daves Killer Bread, Bread 21 Whole Grains Thin Sliced Organic, 20.5 Ounce",bread
67300334945,"Old El Paso Flour Tortillas, 8 ct, 11 oz",bread
96169037393,Natures Own Honey Wheat Bread Sliced Loaf - 20 oz Bag,bread
12673368094,Dave’s Killer Bread Organic White Bread Done Right - 24 oz Loaf,bread
45054597970,"Ball Park Hot Dog Buns, 8 count, 14oz",bread
76383130913,"Mission Carb Balance Spinach Herb Tortilla Wraps, Low Carb, Keto, High Fiber, No Sugar, 8 Count",bread
45622563457,Nature's Own 100% Whole Wheat Bread Loaf - 20 oz Bag,bread
73539071815,"Mission Burrito Flour Tortillas, Trans Fat Free, Authentic, Large Size, 8 Count",bread
92574214100,"Guerrero White Corn Tortillas, Gluten Free, Trans Fat Free, Small Soft Taco Size, 30 Count",bread
45452276072,Dave's Killer Bread Good Seed Organic Bread - 27 oz Loaf,bread
73218143879,"Ball Park Classic Burger Buns, 8 count, 15 oz",bread
46937668495,Natures Own Butterbread Loaf - 20 oz Bag,bread
78985491248,"Nature's Own Sugar Free 100% Whole Wheat 100% Whole Grain Bread, 16 oz",bread
17340789666,"Sara Lee Original Artesano Bakery Bread, Thick Slices & Soft Texture, 20 oz",bread
34900285242,Wonder Classic White Bread Loaf - 20 oz Bag,bread
77714218982,"Rold Gold Pretzels, Classic Thins, 16 oz",bread
65788226231,"La Brea, Bread French Baguette Take And Bake, 12 Ounce",bread
16634243639,"Arnold Country Potato Sandwich Buns, 8 Buns, 16 oz",bread
17243914727,"Mission Carb Balance Soft Taco Flour Tortillas, Low Carb, Keto, High Fiber, No Sugar, 8 Count",bread
16675823171,Dave's Killer Bread Good Seed Thin Sliced Organic Bread - 20.5 oz Loaf,bread
65831242091,"Stroehmann Dutch Country 100% Whole Wheat Bread, 24 oz",bread
54478569154,"365 by WFM, Naan Tandoori Original, 12 Ounce",bread
64660325165,"Himalayan Pink Salt Grass-Fed Ghee Butter by 4th & Heart, 9 Ounce, Keto, Pasture Raised, Non-GMO, Lactose Free, Certified Paleo",butter
34158876325,"4th & Heart Original Grass-Fed Ghee Butter, 9 Ounce, Keto, Pasture Raised, Non-GMO, Lactose Free, Certified Paleo",butter
46502293069,"Carrington Farms USDA Certified Organic Grass Fed Ghee, 12oz., Compare Our Cost Per Ounce",butter
69164508401,"Kerrygold Pure Irish Butter, Salted, 8 oz",butter
62595756834,"Kerrygold Pure Irish Butter, Unsalted, 8 oz",butter
21365310052,"Land O Lakes, Butter Salted 1 lb, Buttery, 16 Ounce",butter
73068806034,"Land O Lakes SPREADABLE BUTTER, 8 oz",butter
79648831060,"Kerrygold Naturally Softer Pure Irish Butter, 8 oz",butter
29614687590,"Organic Valley Purity Farms Ghee, Caramel, 7.5 Oz",butter
82286324341,"Earth Balance Mindful Dressing & Sandwich Spread, Made With Olive Oil, 16 oz.",butter
32346351450,"Earth Balance Original Buttery Spread, 15 oz.",butter
67022594251,"Land O Lakes with Olive Oil and Sea Salt, Butter 13 Ounce",butter
74990305641,"Land O Lakes Half Stick Salted, Buttery, 16 Ounce",butter
16704851816,"Country Crock, Buttery Spread, Original, 15 oz",butter
37342003140,"Organic Valley Salted Organic Butter, 1 lb",butter
77746224708,"Land O Lakes Half Stick Unsalted Butter, 1 lb",butter
98533505967,"I Can't Believe It's Not Butter!, Buttery Spread, Original, 15 oz",butter
79250745257,"Land O Lakes Salted Whipped Butter, 8 oz Tub",butter
39543393165,"Land O Lakes Unsalted Butter, 1 lb.",butter
47718396610,"Land O Lakes Spreadable Butter with Canola Oil, Salted 24 Ounce",butter
63168898604,"Vital Farms Pasture-Raised Butter Sticks, Sea Salted, 8 oz, 2 x ¼ lb sticks",butter
66295653128,"Land O Lakes Half Stick Salted, Buttery, 8 Ounce",butter
87940838654,"I Can't Believe It's Not Butter!, Light Buttery Spread, 15 oz",butter
81508974099,"Kerrygold Butter Sticks, Unsalted, 8 oz",butter
32108002478,"Reese's Puffs Breakfast Cereal, Chocolate Peanut Butter with Whole Grain, 11.5oz",cereals
55477337625,"Kashi GO Breakfast Cereal, Vegan Protein, Fiber Cereal, Peanut Butter Crunch, 13.2oz Box (1 Box)",cereals
10798570679,"Nature Valley Soft-Baked Oatmeal Squares Cinnamon Brown Sugar, 6 ct, 7.44 oz",cereals
15724607400,"Amazon Brand - Happy Belly Old Fashioned Oats, 18 Ounce",cereals
90898438230,"Cascadian Farm Organic Cinnamon Crunch Cereal, Whole Grain Cereal, 9.2 oz",cereals
83445167149,"Nature Valley Oats & Honey Big & Crunchy Granola Breakfast Cereal, 16 oz.",cereals
86259121203,"Nature's Path Organic Gluten Free Granola, Honey Almond, 11 Oz Pouch",cereals
25911283940,"Love Crunch Organic Granola, Dark Chocolate Macaroon, 11.5 Oz, Non GMO, Fairtrade, by Nature's Path",cereals
25840759532,"KIND Healthy Grains Clusters, Dark Chocolate Granola, 10g Protein, Gluten Free, Non GMO, 11 Ounce (Pack of 1)",cereals
64774726281,"KIND Healthy Grains Clusters, Cinnamon Oat Clusters with Flax Seeds, Gluten Free, Non GMO, 11 Ounce Bag",cereals
67949795212,"Nature's Path Organic Granola Cereal, Chia Plus Coconut Chia, 12.34 Oz",cereals
60752107134,"Amazon Brand - Happy Belly Raisin Bran Cereal, 18.7 Ounce",cereals
33847514966,"Amazon Brand - Happy Belly Cinnamon Crunch Cereal, 12.2 Ounce",cereals
82246689252,"Amazon Brand - Happy Belly Strawberry Good Balance, Berry Flake Cereal, 11.2 Ounce",cereals
67226421613,"Amazon Brand - Instant Oatmeal, Maple and Brown Sugar, Pack of 20",cereals
33986409144,"Lucky Charms, Marshmallow Breakfast Cereal with Unicorns, Gluten Free, 14.9 oz",cereals
60017593272,"Quaker, Oatmeal Squares, Honey Nut, 14.5 Oz",cereals
86193594642,"Amazon Brand - Happy Belly Steel Cut Oats, 25 Ounce",cereals
82662680634,"Amazon Brand - Happy Belly Frosted Shredded Wheat Cereal, 18 Ounce",cereals
53266711924,"Udi's Gluten Free Almond Butter Granola, 11 oz.",cereals
77759926964,"Amazon Brand - Happy Belly Quick Cook Oats, 18 Ounce",cereals
60981974519,"Amazon Brand - Happy Belly Rice Biscuits Cereal, 12 Ounce",cereals
52723789798,"Amazon Brand - Happy Belly Magic Stars with Marshmallows Cereal, 11.5 Ounce",cereals
35541551836,"Amazon Brand - Happy Belly Corn Flakes, 18 Ounce",cereals
48937625463,"Cello Whisps Pure Parmesan Cheese Crisps, 2.12 Oz",cheese
98021521020,Kraft Parmesan Grated Cheese (8 oz Shaker),cheese
97712796775,Savannah Bee Company Raw Organic Acacia Honeycomb Mini 5.6 Ounce,cheese
57746884761,Velveeta Original Cheese Loaf (8 oz Block),cheese
51805025541,"Sargento Sliced Medium Natural Cheddar Cheese, 11 slices",cheese
26806544459,"Sargento Shredded Sharp Natural Cheddar Cheese, 8 oz.",cheese
28493072883,"Amazon Brand - Happy Belly Shredded Mexican Four Cheese Blend, 8 Ounce",cheese
98062553511,"Horizon Organic String Cheese, Mozzarella, 6 Ounce, Individually Packaged Mozzarella String Cheese with Protein and Calcium, Great for Snacks for Kids or Grown-Ups",cheese
48084036098,"365 by WFM, Feta Crumbles, 6 Ounce",cheese
86177251028,"Sargento Natural String Cheese Snacks, 12-Count",cheese
94090927249,"365 by WFM, Cheese String Mozzarella Organic 6 Count, 6 Ounce",cheese
56430918828,Kraft 100% Grated Parmesan & Romano Cheese Shaker (8 oz Bottle),cheese
16519241933,"Sargento, Provolone Natural Cheese Slices, 8 oz",cheese
87979072977,"Sargento Shredded Mozzarella Natural Cheese, Traditional Cut, 8 oz.",cheese
68409557673,"Amazon Brand - Happy Belly Shredded Mozzarella Cheese, Low Moisture Part-Skim Milk, 8 Ounce",cheese
62855464371,"Babybel Cheese Mini, Original, 6 Count, 4.48 Oz",cheese
21106699152,"Frigo Cheese Heads, Regular String Cheese, 36 Count",cheese
44166536363,"Sargento Sliced Sharp Natural Cheddar Cheese, 11 slices",cheese
49814234741,"Sargento Balanced Breaks with Natural Sharp Cheddar Cheese with Cashews and Cherry Juice- Infused Dried Cranberries, 1.5 oz., 3-Pack",cheese
34290623463,Kraft Shredded Mexican Style 4 Cheese Blend (16 oz Bag),cheese
15851318035,Organic Valley 3 Cheese Organic Finely Shredded Mexican Cheese Blend,cheese
95004363616,"365 by WFM, Cheddar Sharp Bar, 8 Ounce",cheese
94906962523,"365 by WFM, Mozzarella Shred, 16 Ounce",cheese
69400146409,"Velveeta Queso Blanco Loaf, 32-Ounce",cheese
98055069732,"ALMOND JOY and MOUNDS Miniatures Assorted Chocolate and Coconut Candy, Bulk Candy, 32.1 oz Bag (63 Pieces)",chocolate candy
48668732150,M&M'S Milk Chocolate MINIS Candy 3-lb. Bulk Candy Bag,chocolate candy
23009185356,"Reese's, Candy, Milk Chocolate Peanut Butter Cup Miniatures Party Bag, 35.6 oz",chocolate candy
37616754639,"SNICKERS, TWIX, 3 MUSKETEERS & MILKY WAY Full Size Chocolate Candy Bars Variety Mix, 33.31-Ounce 18-Count Box",chocolate candy
48020515969,"HEALTH WARRIOR Chia Bars, Acai Berry, Gluten Free, Vegan",chocolate candy
27618334078,"HERSHEY'S KISSES SPECIAL DARK Mildly Sweet Dark Chocolate Candy, Easter, 32.1 oz Party Bag",chocolate candy
78626198657,"365 by WFM, Cups Chocolate Dark Almond Butter Mini, 4.7 Ounce",chocolate candy
33536527926,Snickers Minis Size Chocolate Candy Bars 40-Ounce Bag,chocolate candy
94718351769,"Dove Promises Dark Chocolate Candy Bag, 15.8 Oz",chocolate candy
52360091013,"HERSHEY'S Milk Chocolate Bars, 9.3 Ounce",chocolate candy
88520315952,"HERSHEY'S Zero Sugar SPECIAL DARK Chocolate Sugar Free Candy, , 5.1 Oz.",chocolate candy
28218877070,"York Thins Dark Chocolate Peppermint Pattie Candy, 7.2 Oz",chocolate candy
64309834517,"Brach's Classic Candy Corn, 11 oz bag",chocolate candy
63739361306,"Jolly Rancher Gummies Fruit Flavored Candy, 28.8 Oz",chocolate candy
33924632870,"HERSHEY'S Halloween Chocolate Shapes Variety Mix (YORK Pumpkin, HERSHEY'S Cookies 'n' Creme Fangs, HERSHEY'S Tombstones, REESE'S Pumpkins, & REESE'S White Chocolate Ghosts) 85 pc. 43.8 oz.",chocolate candy
88282923515,"GODIVA Chocolatier Lady Godiva Biscuits, Dark Chocolate, 3.5 Ounce",chocolate candy
32664840359,"M&M'S Fudge Brownie Sharing Size Chocolate Candy, 9.05 Oz. Stand Up Bag",chocolate candy
49409260810,"Dove Promises Peanut Butter and Dark Chocolate Candy Bag, 7.61 Oz",chocolate candy
89076292304,"HERSHEY'S SPECIAL DARK KISSES, Dark Chocolate Candy, 10 oz Bag",chocolate candy
50554708961,"ROLO Chocolate Caramel Candy, 35.6 oz Bulk Bag",chocolate candy
41555799531,"HERSHEY'S KISSES Milk Chocolate Candy, Individually Wrapped, 10.8 oz Share Bag",chocolate candy
39585564564,"DOVE PROMISES Dark Chocolate Candy Bag, 8.46 oz",chocolate candy
42725771577,"Dove Promises Sea Salt and Caramel Dark Chocolate Candy Bag, 7.61 Oz",chocolate candy
59587201070,"HERSHEY'S SPECIAL DARK Chocolate Bars, Mildly Sweet Dark Chocolate, Sugar Free, 3 Ounce",chocolate candy
56695801822,"Amazon Brand - Happy Belly Powdered Non-dairy French Vanilla Coffee Creamer, 15 Ounce",dairy alternatives
89469664340,"Amazon Brand - Happy Belly Powdered Non-dairy Original Coffee Creamer, 16 Ounce",dairy alternatives
67599716477,"Amazon Brand - Happy Belly Powdered Non-dairy French Vanilla Coffee Creamer (Sugar-Free), 10.2 Ounce",dairy alternatives
57381817786,"Thai Kitchen Gluten Free Unsweetened Coconut Cream, 13.66 fl oz",dairy alternatives
48520181818,"Coffee Mate The Original Powder Coffee Creamer, 35.3 oz",dairy alternatives
90524339648,"Califia Farms - Oat Milk, Original Barista Blend, 32 Oz | Dairy Free | Creamer | Vegan | Plant Based | Gluten-Free | Non-GMO | Shelf Stable",dairy alternatives
94074461021,"Amazon Brand - Happy Belly Powdered Non-dairy Original Coffee Creamer (Fat-Free), 16 Ounce",dairy alternatives
61822344004,"Pacific Foods, Almond Beverage, Unsweetened, Low Fat, Organic, 32 oz",dairy alternatives
56581294880,"Almond Breeze Blue Diamond, Almond milk, Lactose free, Vanila, 64 Oz",dairy alternatives
77356634082,"Coffee Mate French Vanilla, Sugar-Free Powdered Coffee Creamer, 10.2 oz",dairy alternatives
95523420622,"Almond Breeze Blue Diamond, Almond milk, Original, 64 Fl Oz",dairy alternatives
93780251167,"Dream Blends Rice Drink, Enriched Vanilla, 32 oz",dairy alternatives
90324217471,Coffee Mate Hazelnut Liquid Coffee Creamer 16 fl oz,dairy alternatives
53389454961,"Califia Farms Almond Milk, Non Dairy, Sugar Free, Keto Friendly, Whole 30, Vegan, Plant Based, Nut Milk, Non-GMO, Unsweetened, 48 Ounce, (Pack of 1)",dairy alternatives
44800324698,"Califia Farms - Unsweetened Better Half Coffee Creamer, 32 Oz | Half and Half | Coconut Cream and Almond Milk | Dairy Free | Whole30 | Plant Based | Keto | Sugar Free | Shelf Stable",dairy alternatives
44371487319,"COFFEE MATE Caramel Latte Powder Coffee Creamer 15 oz. Canister Non-dairy, Lactose Free Creamer",dairy alternatives
87334603680,"Califia Farms - Almond Milk, Unsweetened Barista Blend, 32 Oz | Dairy Free | Soy Free | Gluten Free | Whole30 | Keto | Vegan | Plant Based | Nut Milk | Non-GMO | Shelf Stable",dairy alternatives
86348272313,"Coffee Mate Original Creamer, Fat-Free, 16 oz",dairy alternatives
25559743488,"Califia Farms - Hemp Milk, Barista Blend, 32 Oz | Dairy Free | Creamer | Vegan | Plant Based | Gluten-Free | Non-GMO | Shelf Stable",dairy alternatives
84196820463,"Califia Farms Almond Milk, Non Dairy, Plant Based, Nut Milk, Vegan, Non-GMO, Toasted Coconut, 48 Fl Oz, (Pack of 1)",dairy alternatives
51354066697,"White Wave Foods Silk Almond Milk Dark Chocolate, 64 oz",dairy alternatives
69645885481,"Almond Breeze Dairy Free Almondmilk, Vanilla, 32 FL OZ",dairy alternatives
18504387454,Almond Breeze Original Almondmilk,dairy alternatives
32912033108,"Silk Organic Soy Milk, Unsweetened, 64 fl oz",dairy alternatives
47323910118,"Fiber One Brownies, 90 Calorie Bar, Chocolate Chip Cookie, 6 Fiber Bars, 5.34 oz",desserts
32024048439,"Fiber One Brownies, 90 Calorie Bar, Chocolate Fudge Brownie, 12 Fiber Bars, 10.6 oz (Value Pack)",desserts
52927839082,"Little Debbie Honey Buns, 10.6 Oz",desserts
61175824092,"Petit Pot Dark Chocolate Pot De Creme, 3.5 oz",desserts
19938940097,"Petit Pot Salted Pot De Creme, Caramel, 3.5 oz",desserts
69326848295,"Just Desserts Red Velvet Cupcake, 4.4 oz",desserts
61867961168,"Better Bites, Lil Mostess Chocolate Cupcakes 6 Count, 6 Ounce",desserts
82866435165,"Fresh Brand – Chocolate Chip Brownie, 12 oz (4 ct)",desserts
25315523125,"Table Talk 4"" Blueberry Pie, Sugar Free, 4 oz",desserts
50756378774,"Baked Cravings Deluxe Confetti Cupcake In A Jar, 5.1 Oz",desserts
81795460329,"Baked Cravings Vanilla Cupcake In A Jar, 5.1 Oz",desserts
78439607048,"Baked Cravings Chocolate Cupcake In A Jar, 5.1 Oz",desserts
34732872459,"Baked Cravings Lemon Cupcake In A Jar, 5.1 Oz",desserts
26474226814,"Fresh Brand – Apple Pie, 26 oz (Frozen)",desserts
66586943617,"Fresh Brand – Chocolate Cream Pie, 29 oz (Frozen)",desserts
20374524050,"Fresh Brand – Berry Pie, 26 oz (Frozen)",desserts
28015455467,"Fresh Brand – Cherry Pie, 26 oz (Frozen)",desserts
66856187682,"Pillsbury Heat and Eat Cinnamon Roll, 4 ct 10.8oz",desserts
44323792042,"Pillsbury Cornbread Swirls, 6 count, 11 oz",desserts
35616167514,"Fresh Brand – Patriotic Chocolate Mini Cupcakes, 10 oz (12 ct) (Seasonal)",desserts
74275872828,"Fresh Brand – Patriotic Vanilla Mini Cupcakes, 10 oz (12 ct) (Seasonal)",desserts
27483728857,COLLIDERS Twisted KIT KAT Refrigerated Dessert (2 ct Pack),desserts
93716919651,COLLIDERS Twisted HEATH Refrigerated Dessert (2 ct Pack),desserts
19176969262,COLLIDERS Chopped HERSHEY’S Mint Refrigerated Dessert (2 ct Pack),desserts
38338913106,"Ocean Spray Craisins Dried Cranberries, Reduced Sugar, 20 Ounce",dried fruit
37755442746,"Navitas Organics Superfood Power Snacks, Cacao Goji, 8 oz. Bag, 11 Servings — Organic, Non-GMO, Gluten-Free",dried fruit
76281753404,"Dang Toasted Coconut Chips | Original | 1 Pack | Vegan, Gluten Free, Non GMO, Healthy Snacks Made with Whole Foods | 3.17 Oz Resealable Bag",dried fruit
10128960084,"Ocean Spray, Craisins Dried Cranberries, Original, 12 Ounce Resealable Bag",dried fruit
68570276940,NATIERRA Nature's All Foods Organic Freeze-Dried Mangoes | Non-GMO & Vegan| 1.5 Ounce,dried fruit
30947168743,"Dole California Seedless Raisins, Dried Fruit, Healthy Snack, 12 Oz",dried fruit
43509830228,"Ocean Spray Craisins Original Dried Cranberries, 24 Ounce Value Pack",dried fruit
15682068919,"Sunsweet Amazin' Pitted Dried Prunes, 8 oz",dried fruit
22398053712,"Made in Nature Organic Dried Fruit, Mangoes, 3oz Bag – Non-GMO, Unsulfured Vegan Snack",dried fruit
14540311694,"Sunsweet Premium Mango, 5 Ounce",dried fruit
40438973140,"Newman's Own Organic Prunes, 6 Oz",dried fruit
44323196306,"365 by WFM, Dates Pitted, 8 Ounce",dried fruit
15774300165,"365 by WFM, Cranberries Dried Sweetened Organic, 8 Ounce",dried fruit
36203178082,"Craisins Reduced Sugar Dried Cranberries, 5 oz",dried fruit
20167901089,"Peeled Snacks, Organic, Much Ado About Mango, 2.8 Oz",dried fruit
65835378447,"SUNSWEET Amazin Pitted Prunes, 16 oz",dried fruit
32081016768,"365 by WFM, Fruit Freeze Dried Mango Slices, 1.2 Ounce",dried fruit
14035967338,"Made In Nature Organic Dried Apricots, 6 Oz",dried fruit
55334594305,"Sun-Maid Yogurt Raisins, Vanilla, 3.05 lb",dried fruit
72493373782,"Ocean Spray Craisins Dried Cranberries, 6 Ounce Resealable Bag",dried fruit
82909764403,"Made In Nature Organic Plums, 6 Oz",dried fruit
74323534289,"Mezzetta Sun-Ripened Dried Tomatoes In Olive Oil, Julienne Cut, 8 Ounce",dried fruit
25614676276,"Newman's Own Organic Raisins, 15 Oz",dried fruit
16417582004,"Ocean Spray Craisins Dried Cranberries Infused with Pomegranate Juice, 6 Ounce Resealable Bag",dried fruit
76315005687,"Organic Valley Large Brown Free Range Eggs, Original 12 Count",eggs
95358149526,"Bob's Red Mill, Egg Substitute, 12 oz",eggs
24153476171,"365 Everyday Value, Cage-Free Non-GMO Large Brown Grade A Eggs, 12 ct",eggs
36494466063,"Vital Farms 1 Dozen Pasture-Raised Eggs, Large, Brown, Grade A Certified Humane, 12 Ct",eggs
22642310046,"365 Everyday Value, Organic Large Omega-3 Brown Grade A Eggs, 12 CT",eggs
83391094476,"Amazon Brand - Happy Belly Cage-Free, Large, White Eggs, 1 Dozen",eggs
38155083072,"Organic Valley Large Brown Free Range Organic Eggs, Half Dozen, 6 Count",eggs
76658234973,"Organic Valley, Organic Free-Range Medium Brown Eggs - 18 ct",eggs
13630365331,"Vital Farms 18 Pasture-Raised Eggs, Large, Brown, Grade A, Certified Humane, 1.5 Dozen",eggs
49878238763,"365 by WFM, Eggs Liquid Egg Whites Organic, 16 Ounce",eggs
17541761425,"Pete & Gerry's, Eggs Omega 3 Organic, 12 Count",eggs
64771918747,"365 Everyday Value, Organic Large Brown Grade A Eggs, 12 ct",eggs
74757398002,"Nellie's Free Range Large Eggs, 12 ct",eggs
79910489413,"365 Everyday Value, Cage-Free Non-GMO Extra Large Brown Grade A Eggs, 12 ct",eggs
65943790205,"Amazon Brand - Happy Belly Cage-Free, Large, Brown Eggs, 1 Dozen",eggs
70126572001,"Organic Valley Liquid Organic Egg Whites, 16 oz",eggs
99248601553,"Jimmy Dean Simple Scrambles Bacon, 5.35 oz.",eggs
14049995635,"365 by WFM, Eggs Hard Cooked Medium Grade A, 6 Count",eggs
34159490112,Nellie's Free Range Eggs Extra Large- 12ct,eggs
50297757138,"Pete & Gerry's , Organic Cage-Free Omega-3 Large Grade A Brown, 1 dozen, egg, 12 Count",eggs
96376378778,"Jimmy Dean Simple Scrambles Meat Lovers, 5.35 oz.",eggs
75378596809,"Just Crack an Egg Rustic Scramble Breakfast Bowl Kit with Turkey Sausage, Mozzarella Cheese, Potatoes, Mushrooms, Onions and Red Peppers, 3 oz. Cup",eggs
57307940903,Pete and Gerry's Organic Liquid Egg Whites- 16oz,eggs
93538607854,Nellie's Free Range Eggs Large- 6ct,eggs
91721772277,"Strawberries, 1 lb",fruit
80105187075,Lemon,fruit
46365901307,Lime,fruit
94368536591,"Organic Strawberries, 1 lb",fruit
79404644563,"Organic Blueberries, 6 oz",fruit
13429631610,Large Hass Avocado,fruit
44258316860,Small Hass Avocado,fruit
96165588989,"Red Raspberries, 6 oz",fruit
73456003079,"Blackberries, 6 oz",fruit
69110795444,"Blueberries, 6 oz",fruit
44134382768,Large Organic Hass Avocado,fruit
78985501471,Honeycrisp Apples,fruit
43169534520,"Organic Red Raspberries, 6 oz",fruit
22374075100,Navel Orange,fruit
43345897254,Cantaloupe Melon,fruit
96059902586,"Blueberries, 1 Pint",fruit
14404237262,Organic Lemon,fruit
67703551996,Red Mango,fruit
92564980714,Organic Fuji Apples,fruit
35652824971,Gala Apples,fruit
22617531971,Mini Seedless Watermelon,fruit
32746476696,"Organic Red Seedless Grapes, 2 lb",fruit
41882642038,Gold Pineapple,fruit
82657301871,Fuji Apple,fruit
60584568912,"Breyers Original Ice Cream for a Delicious Dessert Natural Vanilla Made with 100% Grade A Milk & Cream, Sustainably-Farmed Vanilla 48 oz",ice cream
75993257898,Breyers Ice Cream for a Delicious Dessert Chocolate Ice Cream Made with Real Dutch Cocoa 48 oz,ice cream
91445273218,"Ben & Jerry's Tonight Dough Ice Cream, 1 pt, 16 fl oz (Frozen)",ice cream
69559318737,"Halo Top Mint Chip Light Ice Cream, 1 pt, 16 fl oz (Frozen)",ice cream
60505173555,"Halo Top Chocolate Chip Cookie Dough Ice Cream, 16 Fl oz (Frozen)",ice cream
27715338384,"Ben & Jerry's half baked Ice Cream, 1 pt, 16 fl oz (Frozen)",ice cream
99023139068,"Halo Top Birthday Cake Light Ice Cream, 1 pt, 16 fl oz (Frozen)",ice cream
44001010178,Ben & Jerry's Ice Cream Mint Chocolate Cookie Non-GMO 16 oz,ice cream
25661892564,"Ben & Jerry's Chocolate Chip Cookie Dough Ice Cream, 1 pt, 16 fl oz (Frozen)",ice cream
73428395674,Breyers Classics Ice Cream for a Delicious Frozen Treat Mint Chocolate Chip Made with 100% Grade A Milk & Cream 48 oz,ice cream
42320453139,"Breyers Ice Cream, Chocolate Snack Cups, 3 oz, 10 ct",ice cream
89237589075,"Ben & Jerry's Cherry Garcia Ice Cream, 1 pt, 16 fl oz (Frozen)",ice cream
84561197490,"Ben & Jerry's Ice Cream, Chocolate Fudge Brownie, 1 pt",ice cream
11093144697,Ben & Jerry's Ice Cream Phish Food Non-GMO 16 oz,ice cream
84640761125,"Ben & Jerry's Stephen Colbert's Americone Dream Ice Cream, 1 pt, 16 fl oz (Frozen)",ice cream
71919590402,Ben & Jerry's Non-Dairy Frozen Dessert Peanut Butter and Cookies Certified vegan ice cream 16 oz,ice cream
35677821117,Ben & Jerry's Ice Cream Strawberry Cheesecake Non-GMO 16 oz,ice cream
10263344423,"Haagen-Dazs Ice Cream, Vanilla Bean, 14 oz (Frozen)",ice cream
27206850124,"Haagen-Dazs, Vanilla Ice Cream 28 oz (Frozen)",ice cream
93690748768,"Skinny Cow Gone Wild Low Fat Ice Cream Sandwiches Box, vanilla, 24 Fl Oz, (Pack of 6)",ice cream
14725148247,"Haagen-Dazs Coffee Ice Cream, 14 fl oz (Frozen)",ice cream
22816128807,Ben & Jerry's Non-Dairy Frozen Dessert Cherry Garcia Certified Vegan ice cream 16 oz,ice cream
25503084094,"Haagen-Dazs Ice Cream, White Chocolate Raspberry Truffle, 14 oz (Frozen)",ice cream
72862217551,"Haagen-Dazs Ice Cream, Chocolate, 14 oz (Frozen)",ice cream
32635111070,"MorningStar Farms Veggie Burgers, Plant Based Protein, Frozen Meal, Spicy Black Bean, 9.5oz Bag (4 Burgers)",meat alternatives
90746072412,"MorningStar Farms Veggie Breakfast Meatless Sausage Patties, Plant Based Protein, Frozen Breakfast, Original, 8oz Bag (6 Patties)",meat alternatives
39420438060,"Gardein Gluten-Free Ultimate Plant-Based Beefless Ground Crumbles, Vegan, Frozen, 13.7 oz.",meat alternatives
26629143098,"Gardein Ultimate Plant-Based Burger, Vegan, 1/4 lb. Frozen Patties, 2 Count, 8 oz",meat alternatives
20601969984,"Gardein Lightly Breaded Plant-Based Turk'y Cutlets, Vegan, Frozen, 12.3 oz.",meat alternatives
11087129692,"Gardein Sweet & Tangy Barbecue Plant-Based Wings, Vegan, Frozen, 9 oz.",meat alternatives
20909306850,"Lightlife Smart Dogs, Veggie, 12 oz",meat alternatives
29798384820,"Gardein Teriyaki Plant-Based Chick'n Strips, Vegan, Frozen, 10.5 oz.",meat alternatives
33558579273,"Lightlife, Tempeh Original Soy Organic oz, 8 Ounce",meat alternatives
98272408741,"Lightlife, Tempeh, Three Grain, USDA Organic, 8 oz",meat alternatives
61406022287,"Beyond Meat Plant-Based Feisty Crumbles, Vegan, 10 Oz",meat alternatives
73925814576,"Gardein Plant-Based Protein Beefless Tips, Vegan, Frozen, 9 oz.",meat alternatives
80722892351,"Gardein Sweet & Sour Plant-Based Porkless Bites, Vegan, Frozen, 10.5 oz.",meat alternatives
37410336155,"Tofurky, Deli Slices, Peppered, 5.5 oz",meat alternatives
72420645831,"Tofurky, Deli Slices, Hickory Smoked, 5.5 oz",meat alternatives
72084853415,"MorningStar Farms Veggitizers Meatless Chicken Wings, Plant Based Protein Vegan Meat, Frozen Meal, Buffalo, 10.5oz Bag (1 Bag)",meat alternatives
55550801974,BOCA Original Vegan Veggie Crumbles with Non-GMO Soy (12 oz Bag),meat alternatives
98207907002,"El Burrito, Organic Soyrizo Meatless Soy Chorizo, 12 oz",meat alternatives
80565372007,"Wildwood, Organic Sproutofu, Super Firm, 16 oz",meat alternatives
92823343209,BOCA Original Vegan Veggie Burgers (4 ct Box),meat alternatives
37672197925,"Tofurky, Deli Slices, Oven Roasted, 5.5 oz",meat alternatives
69546117565,"Quorn Foods Meatless Grounds, Vegetarian, Frozen, 12 Oz",meat alternatives
26518133998,"Lightlife, Smart Dogs Jumbo, 13.5 Ounce",meat alternatives
17851496142,"Beyond Meat from PlantBased Frozen oz lb. Package, Ground Beef Substitute, 16 Ounce",meat alternatives
10138173311,"PLANTERS Deluxe Salted Mixed Nuts, 34 oz. Resealable Canister - Contains Cashews, Almonds, Pecans, Pistachios & Hazelnuts Seasoned with Sea Salt",nuts and seeds
72401114680,"Wonderful Pistachios, Roasted and Salted, 16 Ounce Bag",nuts and seeds
31429132591,"PLANTERS Deluxe Mixed Nuts with Hazelnuts, 15.25 oz. Resealable Canister - Cashews, Almonds, Hazelnuts, Pistachios & Pecans Roasted in Peanut Oil with Sea Salt - Kosher Savory Snack",nuts and seeds
81740019867,"PLANTERS Roasted Pecans, 7.25 oz. Resealable Canister - Salted Pecans - Snacks for Adults - Kids Snacks - Vegan Snacks, Kosher",nuts and seeds
62371058106,"Blue Diamond Almonds Low Sodium Lightly Salted Snack Nuts, 100 Calorie Packs, 32 Count",nuts and seeds
87789718306,"Blue Diamond Almonds Wasabi & Soy Sauce Flavored Snack Nuts, 16 Oz Resealable Bag (Pack of 1)",nuts and seeds
77503108802,"Blue Diamond Almonds Salt N' Vinegar Flavored Snack Nuts, 16 Oz Resealable Bag (Pack of 1)",nuts and seeds
12521412447,"Fisher Chef's Naturals Pecan Halves, 24oz, Naturally Gluten Free, No Preservatives, Non-GMO",nuts and seeds
10576093578,"Amazon Brand - Happy Belly Pecan Halves, 16 Ounce",nuts and seeds
66600588380,"PLANTERS Fancy Whole Cashews with Sea Salt, 33 oz. Resealable Jar - Snack for Adults Made with Simple Ingredients - Good Source of Essential Nutrients - Kosher",nuts and seeds
33595970482,"Squirrel Brand, Artisan Nuts Sweet Brown Butter Cashews, 3.5 oz",nuts and seeds
42738536461,"Wonderful Pistachios, No Shells, Honey Roasted, 5.5 Ounce Resealable Pouch",nuts and seeds
22838638133,"Blue Diamond Almonds XTREMES Cayenne Pepper Flavored Snack Nuts, 6 Oz Resealable Cans (Pack of 1)",nuts and seeds
67785470158,"Carrington Farms Flax Chia Blend, Gluten Free, USDA Organic, 12 Ounce",nuts and seeds
25774836100,"Fisher Chef's Naturals Chopped Walnuts, 32 Ounces, Raw, Unsalted, Naturally Gluten Free, No Preservatives, Non-GMO, Keto, Paleo, Vegan Friendly",nuts and seeds
26877777371,"PLANTERS NUT-rition Wholesome Nut Mix, 7.5 oz Box (Contains 7 Individual Pouches) - Cashews, Almonds and Macadamias Snack Mix - No Artificial Flavors, No Artificial Colors, No Preservatives - Kosher",nuts and seeds
42813925144,"365 by WFM, Cashews Organic, 10 Ounce",nuts and seeds
67106559484,"Blue Diamond Almonds Gluten Free Smokehouse Flavored Snack Nuts, 16 Oz Resealable Bag (Pack of 1)",nuts and seeds
52120613442,"Carrington Farms Organic Chia Seeds, Gluten Free, USDA Organic, 14 Ounce",nuts and seeds
64206216266,"Wonderful Pistachios, No-Shell, Roasted and Salted, 6 Oz",nuts and seeds
60122062871,"Nut Harvest Nut & Chocolate Mix, 39 Ounce Jar",nuts and seeds
83416802670,"Fisher Snack Deluxe Mixed Nuts, 24oz Cashews, Almonds, Pecans, Brazil Nuts (No Peanuts)",nuts and seeds
76780989721,"Planters NUT-rition Energy Mix With Dried Cranberries, Lightly Salted, 5.5 oz Bag",nuts and seeds
13593298968,"Fisher Snack Honey Roasted Dry Roasted Peanuts, 14 Ounce (Pack of 1)",nuts and seeds
46079325198,"Reese Quartered Artichoke Hearts, 14 Ounces",pickled
10887162982,"Divina Stuffed Grape Leaves (Dolmas) in Can, 7 oz",pickled
83741298382,"Wild Planet Wild Yellowtail Fillets in Organic Extra Virgin Olive Oil, Skinless & Boneless, 4.4 Ounce",pickled
98233069887,"Crosse & Blackwell Premium 100% Non-Pareil Capers, 3.5 ounces",pickled
14481325699,"Mediterranean Organic Capers, 3.5 oz",pickled
30586259537,"Mezzetta Golden Greek Peperoncini, Deli-Sliced, 16 Ounce",pickled
79115079752,"Mezzetta Deli-Sliced Pepper Rings, Hot, 16 Ounce",pickled
64898652203,"Mezzetta Non-Pareil Capers, Imported Gourmet, 4 Ounce",pickled
98255915494,"Mezzetta Golden Greek Peperoncini, Whole, 16 Ounce",pickled
69193524620,"Reese Non Pareil Capers, 3.5 Oz",pickled
43806352477,"MT. Olive Jalapeno Slices Jar, Fresh Pack, 12 oz",pickled
87840766403,"Mezzetta Sweet Cherry Peppers, 16 Ounce",pickled
68012470924,"Old El Paso Pickled Jalapeno Slices, 12 oz",pickled
26630124873,"Mezzetta Deli-Sliced Pepper Rings, Mild, 16 Ounce",pickled
55812562111,"Native Forest Artichoke Hearts, Quartered, 14 Ounces",pickled
17558358305,"Mezzetta Jalapeno Peppers, Deli-Sliced Tamed, 16 Ounce",pickled
37580612045,"Vlasic Deli Style Mild Banana Pepper Rings, Keto Friendly, 12 FL OZ",pickled
54324971522,"Mezzetta Italian Mix Giardiniera, 16 Ounce",pickled
85143029209,"Green Giant Mushrooms Pieces & Stems, 4 Ounce Can",pickled
49528838338,"Manischewitz, Gefilte Fish Jelled, 24 oz",pickled
76803617466,"Brunswick Kippered Snacks, 3.53 oz",pickled
11357908385,Maille Pickles Cornichons Original 13.5 oz,pickled
50435293413,"365 by WFM, Capers Non Pareil Organic, 2 Ounce",pickled
73165410173,"365 by WFM, Artichoke Quarters In Water, 14.1 Ounce",pickled
53824877695,"DIGIORNO Pepperoni Frozen Pizza with Rising Crust, 27.5 oz.",pizza
38441682259,"Red Baron, Classic Pepperoni Pizza, 20.60 oz (Frozen)",pizza
35887625204,"DIGIORNO Four Cheese Frozen Pizza with Rising Crust, 28.2 oz.",pizza
65310810005,"Red Baron, Classic Four Cheese Pizza, 21.06 Ounce (Frozen)",pizza
75011515150,"DIGIORNO Supreme Frozen Pizza with Rising Crust, 31.5 oz.",pizza
76139493843,CALIFORNIA PIZZA KITCHEN Four Cheese Crispy Thin Crust Frozen Pizza 13.5 oz. Box,pizza
93914360315,"Annie's Three Cheese Mini Frozen Pizza Bagels, 6.65 oz, 9 ct",pizza
66515847759,CALIFORNIA PIZZA KITCHEN Signature Uncured Pepperoni Crispy Thin Crust Frozen Pizza 13.6 oz. Box,pizza
27402518947,"DiGiorno Three Meat Frozen Pizza with Rising Crust, 29.8 Ounce",pizza
28136907915,Lean Cuisine Features Four Cheese Frozen Pizza,pizza
29124058591,CALIFORNIA PIZZA KITCHEN Sicilian Recipe Crispy Thin Crust Frozen Pizza 15.5 oz. Box,pizza
43593205410,Lean Cuisine Favorites French Bread Pepperoni Frozen Pizza,pizza
26834707917,CALIFORNIA PIZZA KITCHEN White Recipe Crispy Thin Crust Frozen Pizza 13.4 oz. Box,pizza
14427255406,LEAN CUISINE COMFORT Pepperoni Pizza 6 oz. Box | Delicious Frozen Meals,pizza
72963625985,CALIFORNIA PIZZA KITCHEN Margherita Crispy Thin Crust Frozen Pizza 15.5 oz. Box,pizza
22537858779,"DIGIORNO Pepperoni Frozen Pizza with Original Thin Crust, 22.1 oz.",pizza
76860650373,Stouffer's Deluxe French Bread Frozen Pizza,pizza
44990073518,DIGIORNO Pizzeria Primo Pepperoni Frozen Pizza on a Thin Hand-Tossed Style Crust,pizza
90450731389,"Freschetta, 4-Cheese Medley Naturally Rising Crust Pizza, 26.11 oz ( Frozen)",pizza
28098554304,"Amy's Frozen Cheese Pizza, Made with Mozzarella and Organic Tomatoes, Hand Stretched Crust, Single Serve",pizza
70676782714,CALIFORNIA PIZZA KITCHEN Crispy Thin Crust Frozen Pizza Gluten Free BBQ Recipe Chicken 10.7 oz.,pizza
74436613931,"Celeste Original Cheese Pizza for One, Individual Microwavable Frozen Pizza, 5.08 oz.",pizza
44784596735,"Red Baron, French Bread 5 Cheese and Garlic Pizza, 8.80 oz (Frozen)",pizza
52010872799,"Red Baron Brick Oven Pepperoni Pizza, 17.89 oz (frozen)",pizza
43376203025,"Orville Redenbacher’s Original Gourmet Yellow Popcorn Kernels, 30 Ounce",popcorn
62722490794,"Healthy Choice Power Dressing Plant-Based Keto Friendly Salad Dressing, 12 Fl Oz",popcorn
94749932593,"Orville Redenbacher's SmartPop! Kettle Corn Popcorn, 1.16 Ounce Single Serve Bag, 12-Count",popcorn
71964922189,"SkinnyPop Sea Salt & Pepper Popcorn, 4.4oz Grocery Size Bags, Skinny Pop, Healthy Popcorn Snacks, Gluten Free",popcorn
26801881047,"Angie's BOOMCHICKAPOP Sweet and Salty Kettle Corn Popcorn, Gluten Free, Party Size 10 oz.",popcorn
28065840392,"Orville Redenbacher's Avocado Oil Microwave Popcorn, 2.72 oz. 5-Count",popcorn
52460421175,"Bob's Red Mill Whole Yellow Popcorn, 30 Oz",popcorn
72456978426,"Cheetos Popcorn, Cheddar, 7 oz Bag",popcorn
95678768675,"Smartfood Cheddar & Caramel Mix Popcorn, 7 Ounce (Packaging May Vary)",popcorn
33911565548,"Orville Redenbacher's Ultimate Butter Popcorn, (3.29 Ounce Classic Bag, 6 Packets), 19.74 Ounce",popcorn
89571988911,"Smartfood Popcorn, White Cheddar, 6.75oz Bag",popcorn
68225011765,"Lily's Sweets, Milk Chocolate Style Caramel Popcorn, 3.5 Ounce",popcorn
77915841759,"SkinnyPop Popped Sweet & Salty Kettle Popcorn, Vegan, Gluten-free, Non-GMO, Healthy Snacks, 5.3oz Grocery Sized Bag",popcorn
20260000869,"Orville Redenbacher's Original Gourmet White Popcorn Kernels, 30 Ounce",popcorn
13835981308,"G.H. Cretors Popcorn,The Mix, 7.5 Ounce",popcorn
65925395677,"Orville Redenbacher's Kettle Corn Microwave Popcorn, 3.28 Ounce Classic Bag, 6-Count",popcorn
71719770125,"Angie’s BOOMCHICKAPOP Sea Salt Microwave Popcorn, 3.29 Fresh-Pop Bowls, 13.16 Oz",popcorn
47809937942,"Angie's BoomChickaPop Real Butter Microwave Popcorn, (4) 3.29 Ounce Fresh-Pop Bowls",popcorn
52023034366,"Smartfood White Cheddar Popcorn, 9.75oz Party Size! Bag",popcorn
92534866218,"Cheetos Popcorn, Flamin' Hot, 6.5oz Bag",popcorn
68765152198,"JIFFY POP Butter Flavored Popcorn, Stovetop Popping Pan, 4.5 oz.",popcorn
57269697112,"Orville Redenbacher's Naturals Simply Salted Microwave Popcorn, 3.29 Oz, 6 count",popcorn
11442801370,"Lesser Evil Buddha Bowl Himalayan Pink Organic Popcorn, 5 Oz",popcorn
40935453966,"Orville Redenbacher's Movie Theater Butter Microwave Popcorn, 3.29 Oz 6-ct bag",popcorn
44504784168,"Quaker Rice Crisps Sweet & Savory Variety Pack, 14 Count",rice cakes
20009885985,"Back to Nature Gluten Free Crackers, Non-GMO Multi-Seed Rice Thins, 4 Ounce",rice cakes
12767409505,"Quaker Rice Cakes, Chocolate Crunch, 7.23 oz",rice cakes
58163176387,"Quaker Rice Cakes, Caramel, 6.5 Oz",rice cakes
87947984222,"Quaker Rice Cakes, Lightly Salted, 4.47 oz",rice cakes
54936232579,"Good Thins Simply Salt Rice Snacks Gluten Free Crackers, 3.5 oz",rice cakes
56014054208,"Lundberg Organic Thin Stackers, Lightly Salted, 6oz, Gluten-Free, Vegan, USDA Certified Organic, Non-GMO Verified, Kosher, Whole Grain Brown Rice",rice cakes
39326020473,"Quaker Rice Crisps, Sweet & Spicy Chili, 3.03 oz Bag",rice cakes
85223028183,"Cheez-It Gripz, Tiny Baked Snack Cheese Crackers, Original, Great for On-the-Go, 12.6oz Box (14 Count)",rice cakes
67149086279,"Quaker Rice Crisps, Cheddar, 6.06 Ounces",rice cakes
79593405094,"Lundberg Organic Brown Rice Cakes, Cinnamon Toast, 9.5oz, Gluten-Free, Vegan, Whole Grain, Kosher, USDA Certified Organic, Non-GMO Verified",rice cakes
68162219437,"Kellogg's Club Crackers Original, Lunch Box Snacks, Snack Stacks, Family Size, 18.8oz Box (9 Count)",rice cakes
26133210362,"Kellogg's Town House Crackers, Original, Snacks with Cheese, 13.8oz Box",rice cakes
81971699980,"Beanfields Bean Chips, High Protein and Fiber, Gluten Free, Vegan Snack, Jalapeno Nacho, 5.5 Ounce",rice cakes
49393502047,"Quaker Rice Crisps, Chocolate, 3.52 oz Bag (Packaging May Vary)",rice cakes
90246166301,"Pepperidge Farm Goldfish Parmesan Crackers, 6.6 oz. Bag",rice cakes
26312476808,"Simple Mills Almond Flour Cracker Snack Pack, Farmhouse Cheddar, 4.9 oz (PACKAGING MAY VARY)",rice cakes
91135878434,"Blue Diamond Almonds Nut Thin Crackers Crisps, Smokehouse, 4.25 Oz",rice cakes
73118509025,"Lundberg Organic Brown Rice Cakes, Lightly Salted, 8.5oz, Gluten-Free, Vegan, USDA Certified Organic, Non-GMO Verified, Kosher, Whole Grain Brown Rice",rice cakes
38318102317,"Cheez-It Grooves, Crunchy Cheese Snack Crackers, Bold Cheddar, Perfect for Snacking, 9oz Box",rice cakes
24814682827,"Lundberg Rice Chips, Sea Salt, 6 Oz",rice cakes
39540792766,"Lundberg Organic Brown Rice Cakes, Salt-Free, 8.5 oz, Gluten-Free, Vegan, USDA Certified Organic, Non-GMO Verified, Kosher, Whole Grain Brown Rice",rice cakes
73354410597,"Quaker Rice Crisps, Kettle Corn, 3.52 oz Bag (Packaging May Vary)",rice cakes
14235309279,"Quaker Rice Cake Caramel Corn, 3.52 oz Bag",rice cakes
18729034508,"Chicken of the Sea, Pink Salmon, 5 Oz",seafood
69979863343,"Aqua Star, Raw, Peeled, Deveined, Tail-off Shrimp, 41-50 Count , 2 lb (Frozen)",seafood
56879522856,"Marine Harvest Fresh Tilapia Fillets, Farm-Raised, 12 oz",seafood
44816941551,"SeaPak Jumbo Butterfly Shrimp with Oven Crispy Breading, Delicious Seafood, Frozen 9 ounces",seafood
28144905782,"Bellino, Anchovy Fillets, 4.25 oz",seafood
45752788571,"Trident, Alaskan Salmon Burgers (Frozen), 11.2 Oz",seafood
60701280128,"Aqua Star, Raw, Peeled, Tail-on Shrimp, 31-40 Count , 2 lb (Frozen)",seafood
41398329682,"ACME, Nova Smoked Salmon, Pre-sliced, 4 oz",seafood
99231960152,"Gorton's, Classic Beer Batter Crispy Fillets, 18.2 oz (Frozen)",seafood
98865196276,"Trans-Ocean Products, Crab Classic Flake, 8 oz",seafood
32586041012,"Aqua Star, Raw, Easy-Peel, Shell-on Shrimp, 26-30 Count , 2 lb (Frozen)",seafood
14407140192,"Acme Smoked Fish, Cold Nova Salmon Snacks, 8 oz",seafood
20323410231,"Gorton's, Classic Grilled Salmon, 6.3 oz (Frozen)",seafood
99012918815,"Aqua Star, Cooked Peeled Tail-on Shrimp, 71-90ct, 2 lb (Frozen)",seafood
83584217906,"Trans-Ocean Products, Crab Classic Crab Leg, 8 oz",seafood
46410103656,"Ducktrap, Cold Smoked wild Sockeye Salmon, 0.25lb",seafood
97317204228,"Trident Seafoods The Ultimate Fish Stick, Frozen, 15 oz",seafood
20709353298,"Aqua Star Cooked, Peeled, Tail-on Shrimp, 51-60 Count , 1 lb (Frozen)",seafood
28123694594,"SeaPak Jumbo Coconut Shrimp, Delicious Seafood with Oven Crispy Breading, Includes Orange Marmalade Sauce, Frozen, 10 Ounces",seafood
84101224008,"SeaPak Shrimp Spring Rolls, Whole Shrimp & Crisp Vegetables Rolled in Crunchy Wrappers with Sweet Thai Chili Dipping Sauce, 20 Ounces (Frozen)",seafood
66501603053,"Acme Smoked Fish Nova Salmon, 8 Oz",seafood
66534969814,"Gorton's, Crispy Battered Fish Portions, 24.5 oz (Frozen)",seafood
27205506779,"Gorton's, Grilled Tilapia, 6.3 oz (Frozen)",seafood
76097173463,"Van De Kamps, Alaskan Pollock Breaded Stick, 24.6oz.",seafood
45870075878,Yellow Onion,vegetables
78849298043,"365 Everyday Value, Organic Peeled Baby Carrots, 1 lb",vegetables
63408357468,"Cucumber, One Count",vegetables
81470670078,Large Hass Avocado,vegetables
92229363591,Red Bell Pepper,vegetables
58917607084,Small Hass Avocado,vegetables
29948812460,Green Bell Pepper,vegetables
50982586853,"Organic Green Onion (Scallions), 1 Bunch",vegetables
28192919786,Large Organic Hass Avocado,vegetables
22264521268,Garlic,vegetables
66444813288,"Brussels Sprouts, 1 lb",vegetables
36606570253,"Organic Cilantro, 1 Bunch",vegetables
10044791323,Organic Cucumber,vegetables
77974698624,Organic Red Bell Pepper,vegetables
47071223397,"Organic Kale, One Bunch",vegetables
96041947986,"Asparagus, 1 Bunch",vegetables
91803689874,Red Onion,vegetables
74645586082,Organic Garlic,vegetables
94444882989,"English Cucumber, One Count",vegetables
48679739474,Russet Potato,vegetables
66293651745,Broccoli,vegetables
47826336482,"Jalapeno Peppers, 8 oz",vegetables
72578070750,Ginger Root,vegetables
21460655604,"365 Everyday Value, Organic Carrots, 1 lb Bag",vegetables
72004197361,"GoGo squeeZ yogurtZ Berry, 3 oz. (4 Pouches) - Kids Snacks Made from Real Yogurt & Fruit - Pantry Friendly Snack, No Fridge Needed - No Preservatives - Kosher Certified - Gluten Free Snacks for Kids",yogurt
37322048540,"GoGo squeeZ yogurtZ Variety Pack, Berry, Blueberry, 3 oz (10 Pouches) - Kid Snacks Made from Real Yogurt & Fruit - Pantry Friendly, No Fridge Needed - No Preservatives - Kosher Certified - Gluten Free",yogurt
95083477277,"Chobani Greek Yogurt, 0%, Strawberry, 5.3 oz",yogurt
76040874867,"Chobani Non-fat Greek Yogurt, Plain 32oz",yogurt
28661935339,"Chobani Non-Fat Greek Yogurt, Peach on the Bottom 5.3oz",yogurt
71871072871,"Chobani Greek Yogurt, 0%, Blueberry, 5.3 oz",yogurt
50170192199,"Chobani Greek Yogurt, 0%, Plain, 5.3 oz",yogurt
99614992412,"Chobani Greek Yogurt Flip, Almond Coco Loco, 5.3 oz",yogurt
49048030472,"Chobani Greek Yogurt, 2%, Mango, 5.3 oz",yogurt
16081498265,"Fage Total Greek Yogurt, 2%, Strawberry, 5.3 oz",yogurt
25085330007,"Chobani Flip Low-fat Greek Yogurt, Key Lime Crumble, 5.3 Ounce",yogurt
98632240247,"Chobani Non-Fat Greek Yogurt, Blackberry on the Bottom 5.3oz",yogurt
91939168355,"Chobani Greek Yogurt, 0%, Raspberry, 5.3 oz",yogurt
18644295700,"Fage, Total 2% Yogurt, 35.3 Ounce",yogurt
34008932341,"GoGo SqueeZ yogurtZ, Variety Pack (), 3 (10 Pouches), Low Fat Yogurt, Gluten Free, Pantry-friendly, Recloseable, BPA Free Pouches Strawberry/Banana, 30 Ounce",yogurt
58747329164,"Chobani 2% Greek Yogurt, Strawberry Banana on the Bottom 5.3oz",yogurt
64668035225,"Fage Total Greek Yogurt, 2%, 7 oz",yogurt
67931771011,"siggi’s Icelandic Strained Nonfat Yogurt, Vanilla, 5.3 oz. Single Serve Cup – Thick, Protein-Rich Yogurt",yogurt
62597787117,"Light & Fit by Dannon Greek Nonfat Yogurt, Vanilla, Gluten-Free, 5.3 oz., 4 Pack",yogurt
33962548308,"The Greek Gods Greek Yogurt, Honey Vanilla, 24 oz",yogurt
19533564723,"Chobani Greek Yogurt, 0%, Black Cherry, 5.3 oz",yogurt
37410246457,"siggi's Icelandic Strained Nonfat Yogurt, Acai Mixed Berry, 5.3 oz. Single Serve Cup – Thick, Protein-Rich Yogurt",yogurt
89696182315,"Chobani Greek Yogurt, 0%, Vanilla, 5.3 oz",yogurt
40531359678,"Stonyfield Organic Kids Strawberry Vanilla & Blueberry Lowfat Yogurt Cups Variety Pack, 4 oz. Each, 6 Ct",yogurt
